"ORG","Order Num","Item Cat","Batch Id","Sort Id","Seq","Dept","Res","Res Desc","Raw Material","Coil Width","Coil Color","Sort Complete","Fa Job","Fa Item","Item Desc","Mark No","Prd Width","Stack","Fa Seq","Line Seq","Fa Qty","Bundle","Unit Length"
"LKQ","18041206201","TRIM","1827570","26917761","1","765","CTL","Cut to Length Line","C018169","1250","","","18041206201:35788222:SHANGHAI LIN","L005671*32067816","LYSAGHT STANDARD FLASHING 1.5MM GALVANIZED G345Z275--1340","G4-PC-80","200","","1","1","40","","1340"
"LKQ","18041206201","TRIM","1827570","26917762","2","765","CTL","Cut to Length Line","C018169","1250","","","18041206201:35788223:SHANGHAI LIN","L005671*32067817","LYSAGHT STANDARD FLASHING 1.5MM GALVANIZED G345Z275--922","G4-YG-1","196","","4","1","6","","922"
"LKQ","18041206201","TRIM","1827570","26917763","3","765","CTL","Cut to Length Line","C018169","1250","","","18041206201:35788224:SHANGHAI LIN","L005671*32067818","LYSAGHT STANDARD FLASHING 1.5MM GALVANIZED G345Z275--1272","G4-YG-2","196","","21","1","6","","1272"
"LKQ","18041206201","TRIM","1827570","26917764","4","765","CTL","Cut to Length Line","C018169","1250","","","18041206201:35788225:SHANGHAI LIN","L005671*32067819","LYSAGHT STANDARD FLASHING 1.5MM GALVANIZED G345Z275--1272","G4-YG-3","196","","28","1","2","","1272"
"LKQ","18041206201","TRIM","1827570","26917765","5","765","CTL","Cut to Length Line","C018169","1250","","","18041206201:35788226:SHANGHAI LIN","L005671*32067820","LYSAGHT STANDARD FLASHING 1.5MM GALVANIZED G345Z275--1048","G4-YG-4","196","","10","1","10","","1048"
"LKQ","18041206201","TRIM","1827570","26917766","6","765","CTL","Cut to Length Line","C018169","1250","","","18041206201:35788227:SHANGHAI LIN","L005671*32067821","LYSAGHT STANDARD FLASHING 1.5MM GALVANIZED G345Z275--997","G4-YG-5","196","","22","1","161","","997"
"LKQ","18041206201","TRIM","1827570","26917767","7","765","CTL","Cut to Length Line","C018169","1250","","","18041206201:35788228:SHANGHAI LIN","L005671*32067822","LYSAGHT STANDARD FLASHING 1.5MM GALVANIZED G345Z275--1098","G4-YG-6","196","","5","1","83","","1098"
"LKQ","18041206201","TRIM","1827570","26917768","8","765","CTL","Cut to Length Line","C018169","1250","","","18041206201:35788229:SHANGHAI LIN","L005671*32067823","LYSAGHT STANDARD FLASHING 1.5MM GALVANIZED G345Z275--1122","G4-YG-7","196","","23","1","10","","1122"
"LKQ","18041206201","TRIM","1827570","26917769","9","765","CTL","Cut to Length Line","C018169","1250","","","18041206201:35788230:SHANGHAI LIN","L005671*32067824","LYSAGHT STANDARD FLASHING 1.5MM GALVANIZED G345Z275--1058","G4-YG-8","196","","3","1","10","","1058"
"LKQ","18041206201","TRIM","1827570","26917770","10","765","CTL","Cut to Length Line","C018169","1250","","","18041206201:35788231:SHANGHAI LIN","L005671*32067825","LYSAGHT STANDARD FLASHING 1.5MM GALVANIZED G345Z275--1070","G4-YG-9","196","","11","1","10","","1070"
"LKQ","18041206201","TRIM","1827570","26917771","11","765","CTL","Cut to Length Line","C018169","1250","","","18041206201:35788232:SHANGHAI LIN","L005671*32067826","LYSAGHT STANDARD FLASHING 1.5MM GALVANIZED G345Z275--925","G4-YG-10","196","","6","1","10","","925"
"LKQ","18041206201","TRIM","1827570","26917772","12","765","CTL","Cut to Length Line","C018169","1250","","","18041206201:35788233:SHANGHAI LIN","L005671*32067827","LYSAGHT STANDARD FLASHING 1.5MM GALVANIZED G345Z275--848","G4-YG-11","196","","27","1","4","","848"
"LKQ","18041206201","TRIM","1827570","26917773","13","765","CTL","Cut to Length Line","C018169","1250","","","18041206201:35788234:SHANGHAI LIN","L005671*32067828","LYSAGHT STANDARD FLASHING 1.5MM GALVANIZED G345Z275--1198","G4-YG-12","196","","18","1","16","","1198"
"LKQ","18041206201","TRIM","1827570","26917774","14","765","CTL","Cut to Length Line","C018169","1250","","","18041206201:35788235:SHANGHAI LIN","L005671*32067829","LYSAGHT STANDARD FLASHING 1.5MM GALVANIZED G345Z275--922","G4-YG-13","196","","15","1","6","","922"
"LKQ","18041206201","TRIM","1827570","26917775","15","765","CTL","Cut to Length Line","C018169","1250","","","18041206201:35788236:SHANGHAI LIN","L005671*32067830","LYSAGHT STANDARD FLASHING 1.5MM GALVANIZED G345Z275--1481","G4-YG-14","196","","12","1","16","","1481"
"LKQ","18041206201","TRIM","1827570","26917776","16","765","CTL","Cut to Length Line","C018169","1250","","","18041206201:35788237:SHANGHAI LIN","L005671*32067831","LYSAGHT STANDARD FLASHING 1.5MM GALVANIZED G345Z275--1497","G4-YG-15","196","","19","1","32","","1497"
"LKQ","18041206201","TRIM","1827570","26917777","17","765","CTL","Cut to Length Line","C018169","1250","","","18041206201:35788238:SHANGHAI LIN","L005671*32067832","LYSAGHT STANDARD FLASHING 1.5MM GALVANIZED G345Z275--1397","G4-YG-16","196","","24","1","72","","1397"
"LKQ","18041206201","TRIM","1827570","26917778","18","765","CTL","Cut to Length Line","C018169","1250","","","18041206201:35788239:SHANGHAI LIN","L005671*32067833","LYSAGHT STANDARD FLASHING 1.5MM GALVANIZED G345Z275--1247","G4-YG-17","196","","16","1","64","","1247"
"LKQ","18041206201","TRIM","1827570","26917779","19","765","CTL","Cut to Length Line","C018169","1250","","","18041206201:35788240:SHANGHAI LIN","L005671*32067834","LYSAGHT STANDARD FLASHING 1.5MM GALVANIZED G345Z275--1597","G4-YG-18","196","","13","1","192","","1597"
"LKQ","18041206201","TRIM","1827570","26917780","20","765","CTL","Cut to Length Line","C018169","1250","","","18041206201:35788241:SHANGHAI LIN","L005671*32067835","LYSAGHT STANDARD FLASHING 1.5MM GALVANIZED G345Z275--1347","G4-YG-19","196","","7","1","16","","1347"
"LKQ","18041206201","TRIM","1827570","26917781","21","765","CTL","Cut to Length Line","C018169","1250","","","18041206201:35788242:SHANGHAI LIN","L005671*32067836","LYSAGHT STANDARD FLASHING 1.5MM GALVANIZED G345Z275--1460","G4-YG-20","196","","25","1","4","","1460"
"LKQ","18041206201","TRIM","1827570","26917782","22","765","CTL","Cut to Length Line","C018169","1250","","","18041206201:35788243:SHANGHAI LIN","L005671*32067837","LYSAGHT STANDARD FLASHING 1.5MM GALVANIZED G345Z275--1551","G4-YG-21","196","","26","1","6","","1551"
"LKQ","18041206201","TRIM","1827570","26917783","23","765","CTL","Cut to Length Line","C018169","1250","","","18041206201:35788244:SHANGHAI LIN","L005671*32067838","LYSAGHT STANDARD FLASHING 1.5MM GALVANIZED G345Z275--1481","G4-YG-22","196","","2","1","16","","1481"
"LKQ","18041206201","TRIM","1827570","26917784","24","765","CTL","Cut to Length Line","C018169","1250","","","18041206201:35788245:SHANGHAI LIN","L005671*32067839","LYSAGHT STANDARD FLASHING 1.5MM GALVANIZED G345Z275--948","G4-YG-23","196","","8","1","16","","948"
"LKQ","18041206201","TRIM","1827570","26917785","25","765","CTL","Cut to Length Line","C018169","1250","","","18041206201:35788246:SHANGHAI LIN","L005671*32067840","LYSAGHT STANDARD FLASHING 1.5MM GALVANIZED G345Z275--1272","G4-YG-24","196","","20","1","8","","1272"
"LKQ","18041206201","TRIM","1827570","26917786","26","765","CTL","Cut to Length Line","C018169","1250","","","18041206201:35788247:SHANGHAI LIN","L005671*32067841","LYSAGHT STANDARD FLASHING 1.5MM GALVANIZED G345Z275--1453","G4-YG-25","196","","9","1","8","","1453"
"LKQ","18041206201","TRIM","1827570","26917787","27","765","CTL","Cut to Length Line","C048287","1260","","Y","18041206201:35788248:SHANGHAI LIN","L015947*32067842","LYSAGHT STANDARD FLASHING 2.4MM GALVANIZED G450Z275--84","G4-P24","395","","17","1","48","","84"
"LKQ","18041206201","TRIM","1827570","26917788","28","765","CTL","Cut to Length Line","C048287","1260","","Y","18041206201:35788249:SHANGHAI LIN","L015947*32067843","LYSAGHT STANDARD FLASHING 2.4MM GALVANIZED G450Z275--50","G4-P25","395","","14","1","38","","50"
"LKQ","1803218202","TRIM","1829369","26936925","1","765","CTL","Cut to Length Line","C049293","1200","DAWN SILVER","","1803218202:33227019:NANTONG SANJ","L016246*28879011","LYSAGHT STANDARD FLASHING 0.65MM TPT PPAZ G550AZ150-DAS150-4500","ZF10","555","","1","1","2","","4500"
"LKQ","18032071202","TRIM","1829370","26936927","1","765","CTL","Cut to Length Line","C049293","1200","DAWN SILVER","","18032071202:35575216:THE FOURTH C","L016246*31776730","LYSAGHT STANDARD FLASHING 0.65MM TPT PPAZ G550AZ150-DAS150-4000","TF08","430","","1","1","8","","4000"
"LKQ","18032071203","TRIM","1829371","26936929","1","765","CTL","Cut to Length Line","C049293","1200","DAWN SILVER","","18032071203:35657177:THE FOURTH C","L016246*31875259","LYSAGHT STANDARD FLASHING 0.65MM TPT PPAZ G550AZ150-DAS150-4000","TF23","560","","3","1","16","","4000"
"LKQ","18032071203","TRIM","1829371","26936930","2","765","CTL","Cut to Length Line","C049293","1200","DAWN SILVER","","18032071203:35657178:THE FOURTH C","L016246*31875260","LYSAGHT STANDARD FLASHING 0.65MM TPT PPAZ G550AZ150-DAS150-5000","B01","500","","2","1","13","","5000"
"LKQ","18032071203","TRIM","1829371","26936931","3","765","CTL","Cut to Length Line","C049293","1200","DAWN SILVER","","18032071203:35657179:THE FOURTH C","L016246*31875261","LYSAGHT STANDARD FLASHING 0.65MM TPT PPAZ G550AZ150-DAS150-5000","B02","310","","5","1","13","","5000"
"LKQ","18032071203","TRIM","1829371","26936932","4","765","CTL","Cut to Length Line","C049293","1200","DAWN SILVER","","18032071203:35657180:THE FOURTH C","L016246*31875262","LYSAGHT STANDARD FLASHING 0.65MM TPT PPAZ G550AZ150-DAS150-1700","CF01A","290","","8","1","4","","1700"
"LKQ","18032071203","TRIM","1829371","26936933","5","765","CTL","Cut to Length Line","C049293","1200","DAWN SILVER","","18032071203:35657181:THE FOURTH C","L016246*31875263","LYSAGHT STANDARD FLASHING 0.65MM TPT PPAZ G550AZ150-DAS150-3600","CF01B","290","","6","1","4","","3600"
"LKQ","18032071203","TRIM","1829371","26936934","6","765","CTL","Cut to Length Line","C049293","1200","DAWN SILVER","","18032071203:35657182:THE FOURTH C","L016246*31875264","LYSAGHT STANDARD FLASHING 0.65MM TPT PPAZ G550AZ150-DAS150-1700","CF06A","250","","1","1","4","","1700"
"LKQ","18032071203","TRIM","1829371","26936935","7","765","CTL","Cut to Length Line","C049293","1200","DAWN SILVER","","18032071203:35657183:THE FOURTH C","L016246*31875265","LYSAGHT STANDARD FLASHING 0.65MM TPT PPAZ G550AZ150-DAS150-3600","CF06B","250","","4","1","4","","3600"
"LKQ","18032071203","TRIM","1829371","26936936","8","765","CTL","Cut to Length Line","C049293","1200","DAWN SILVER","","18032071203:35657184:THE FOURTH C","L016246*31875266","LYSAGHT STANDARD FLASHING 0.65MM TPT PPAZ G550AZ150-DAS150-5000","MF07","360","","7","1","9","","5000"
"LKQ","18032071203","TRIM","1829371","26936937","9","765","CTL","Cut to Length Line","C049293","1200","DAWN SILVER","","18032071203:35657185:THE FOURTH C","L016246*31875267","LYSAGHT STANDARD FLASHING 0.65MM TPT PPAZ G550AZ150-DAS150-5000","MF08","107","","9","1","4","","5000"
"LKQ","19004928131","TRIM","1829372","26936939","1","765","CTL","Cut to Length Line","C049984","1200","NOBBILY WHITE","","19004928131:35701743:SHANGHAI CON","L016440*31944365","LYSAGHT STANDARD FLASHING 0.60MM TCT PPAZ PVDF G300AZ200-NBB200-6000","BIW-DF05","735","","1","1","68","","6000"
"LKQ","18036312159","TRIM","1829373","26936941","1","765","CTL","Cut to Length Line","C049373","1200","","","18036312159:35807840:GUANGZHOU YO","L016309*32089749","LYSAGHT STANDARD FLASHING  0.47MM TCT CLEAN COLORBOND XRW G550AZM150-OFW150M-1750","XY03","815","","1","1","1","","1750"
"LKQ","1900726407","TRIM","1829375","26936945","1","765","CTL","Cut to Length Line","C048954","1200","OFF WHITE","","1900726407:35834226:YINGKOU CHAN","L016212*32121873","LYSAGHT STANDARD FLASHING 0.56MM TPT PPAZ Q345AZ165-OFW165-3600","HXBF2","378","","1","1","18","","3600"
"LKQ","1900726407","TRIM","1829375","26936946","2","765","CTL","Cut to Length Line","C048954","1200","OFF WHITE","","1900726407:35834227:YINGKOU CHAN","L016212*32121874","LYSAGHT STANDARD FLASHING 0.56MM TPT PPAZ Q345AZ165-OFW165-3600","HXBF3","282","","3","1","18","","3600"
"LKQ","1900726407","TRIM","1829375","26936947","3","765","CTL","Cut to Length Line","C048954","1200","OFF WHITE","","1900726407:35834228:YINGKOU CHAN","L016212*32121875","LYSAGHT STANDARD FLASHING 0.56MM TPT PPAZ Q345AZ165-OFW165-3600","HXBF4","250","","2","1","18","","3600"
"LKQ","1900726406","TRIM","1829376","26936949","1","765","CTL","Cut to Length Line","C048954","1200","OFF WHITE","","1900726406:35834220:YINGKOU CHAN","L016212*32121794","LYSAGHT STANDARD FLASHING 0.56MM TPT PPAZ Q345AZ165-OFW165-3600","AFBF2","378","","3","1","72","","3600"
"LKQ","1900726406","TRIM","1829376","26936950","2","765","CTL","Cut to Length Line","C048954","1200","OFF WHITE","","1900726406:35834221:YINGKOU CHAN","L016212*32121795","LYSAGHT STANDARD FLASHING 0.56MM TPT PPAZ Q345AZ165-OFW165-3600","AFBF3","282","","4","1","72","","3600"
"LKQ","1900726406","TRIM","1829376","26936951","3","765","CTL","Cut to Length Line","C048954","1200","OFF WHITE","","1900726406:35834222:YINGKOU CHAN","L016212*32121796","LYSAGHT STANDARD FLASHING 0.56MM TPT PPAZ Q345AZ165-OFW165-3600","AFBF4","100","","2","1","72","","3600"
"LKQ","1900726406","TRIM","1829376","26936952","4","765","CTL","Cut to Length Line","C048954","1200","OFF WHITE","","1900726406:35834223:YINGKOU CHAN","L016212*32121797","LYSAGHT STANDARD FLASHING 0.56MM TPT PPAZ Q345AZ165-OFW165-700","YJBF1","400","","1","1","6","","700"
"LKQ","18046161123","TRIM","1829377","26936954","1","765","CTL","Cut to Length Line","C049757","1200","BOON WHITESMOKE_N","","18046161123:35807809:Zhaoqing xia","L016370*32089683","LYSAGHT STANDARD FLASHING 0.5MM TCT PPAZ G350AZ150(T15+10,B10+6)-BWS150-3600","NF03","200","","6","1","8","","3600"
"LKQ","18046161123","TRIM","1829377","26936955","2","765","CTL","Cut to Length Line","C049757","1200","BOON WHITESMOKE_N","","18046161123:35807810:Zhaoqing xia","L016370*32089684","LYSAGHT STANDARD FLASHING 0.5MM TCT PPAZ G350AZ150(T15+10,B10+6)-BWS150-3600","NF07","160","","11","1","14","","3600"
"LKQ","18046161123","TRIM","1829377","26936956","3","765","CTL","Cut to Length Line","C049757","1200","BOON WHITESMOKE_N","","18046161123:35807811:Zhaoqing xia","L016370*32089685","LYSAGHT STANDARD FLASHING 0.5MM TCT PPAZ G350AZ150(T15+10,B10+6)-BWS150-4700","NF08","260","","17","1","12","","4700"
"LKQ","18046161123","TRIM","1829377","26936957","4","765","CTL","Cut to Length Line","C049757","1200","BOON WHITESMOKE_N","","18046161123:35807812:Zhaoqing xia","L016370*32089686","LYSAGHT STANDARD FLASHING 0.5MM TCT PPAZ G350AZ150(T15+10,B10+6)-BWS150-2000","NF10","292","","7","1","8","","2000"
"LKQ","18046161123","TRIM","1829377","26936958","5","765","CTL","Cut to Length Line","C049757","1200","BOON WHITESMOKE_N","","18046161123:35807813:Zhaoqing xia","L016370*32089687","LYSAGHT STANDARD FLASHING 0.5MM TCT PPAZ G350AZ150(T15+10,B10+6)-BWS150-5000","NF24","170","","12","1","4","","5000"
"LKQ","18046161123","TRIM","1829377","26936959","6","765","CTL","Cut to Length Line","C049757","1200","BOON WHITESMOKE_N","","18046161123:35807814:Zhaoqing xia","L016370*32089688","LYSAGHT STANDARD FLASHING 0.5MM TCT PPAZ G350AZ150(T15+10,B10+6)-BWS150-3600","NF28","200","","13","1","17","","3600"
"LKQ","18046161123","TRIM","1829377","26936960","7","765","CTL","Cut to Length Line","C049757","1200","BOON WHITESMOKE_N","","18046161123:35807815:Zhaoqing xia","L016370*32089689","LYSAGHT STANDARD FLASHING 0.5MM TCT PPAZ G350AZ150(T15+10,B10+6)-BWS150-3600","NF31","200","","16","1","7","","3600"
"LKQ","18046161123","TRIM","1829377","26936961","8","765","CTL","Cut to Length Line","C049821","1000","SILVER COIN","","18046161123:35807796:Zhaoqing xia","L016369*32089670","LYSAGHT STANDARD FLASHING 0.60MM TCT PPAZ G350AZ150(T15+10,B10+6)-SIC150-5000","WF08","300","","18","1","5","","5000"
"LKQ","18046161123","TRIM","1829377","26936962","9","765","CTL","Cut to Length Line","C049821","1000","SILVER COIN","","18046161123:35807797:Zhaoqing xia","L016369*32089671","LYSAGHT STANDARD FLASHING 0.60MM TCT PPAZ G350AZ150(T15+10,B10+6)-SIC150-4700","WF10","430","","20","1","6","","4700"
"LKQ","18046161123","TRIM","1829377","26936963","10","765","CTL","Cut to Length Line","C049821","1000","SILVER COIN","","18046161123:35807798:Zhaoqing xia","L016369*32089672","LYSAGHT STANDARD FLASHING 0.60MM TCT PPAZ G350AZ150(T15+10,B10+6)-SIC150-4700","WF11","350","","3","1","6","","4700"
"LKQ","18046161123","TRIM","1829377","26936964","11","765","CTL","Cut to Length Line","C049821","1000","SILVER COIN","","18046161123:35807799:Zhaoqing xia","L016369*32089673","LYSAGHT STANDARD FLASHING 0.60MM TCT PPAZ G350AZ150(T15+10,B10+6)-SIC150-2000","WF13","340","","14","1","8","","2000"
"LKQ","18046161123","TRIM","1829377","26936965","12","765","CTL","Cut to Length Line","C049821","1000","SILVER COIN","","18046161123:35807800:Zhaoqing xia","L016369*32089674","LYSAGHT STANDARD FLASHING 0.60MM TCT PPAZ G350AZ150(T15+10,B10+6)-SIC150-5000","WF17","400","","1","1","1","","5000"
"LKQ","18046161123","TRIM","1829377","26936966","13","765","CTL","Cut to Length Line","C049821","1000","SILVER COIN","","18046161123:35807801:Zhaoqing xia","L016369*32089675","LYSAGHT STANDARD FLASHING 0.60MM TCT PPAZ G350AZ150(T15+10,B10+6)-SIC150-5000","WF18","300","","4","1","1","","5000"
"LKQ","18046161123","TRIM","1829377","26936967","14","765","CTL","Cut to Length Line","C049821","1000","SILVER COIN","","18046161123:35807802:Zhaoqing xia","L016369*32089676","LYSAGHT STANDARD FLASHING 0.60MM TCT PPAZ G350AZ150(T15+10,B10+6)-SIC150-3600","WF52","270","","19","1","3","","3600"
"LKQ","18046161123","TRIM","1829377","26936968","15","765","CTL","Cut to Length Line","C049821","1000","SILVER COIN","","18046161123:35807803:Zhaoqing xia","L016369*32089677","LYSAGHT STANDARD FLASHING 0.60MM TCT PPAZ G350AZ150(T15+10,B10+6)-SIC150-3600","WF57","700","","5","1","7","","3600"
"LKQ","18046161123","TRIM","1829377","26936969","16","765","CTL","Cut to Length Line","C049821","1000","SILVER COIN","","18046161123:35807804:Zhaoqing xia","L016369*32089678","LYSAGHT STANDARD FLASHING 0.60MM TCT PPAZ G350AZ150(T15+10,B10+6)-SIC150-3600","WF58","600","","8","1","14","","3600"
"LKQ","18046161123","TRIM","1829377","26936970","17","765","CTL","Cut to Length Line","C049821","1000","SILVER COIN","","18046161123:35807805:Zhaoqing xia","L016369*32089679","LYSAGHT STANDARD FLASHING 0.60MM TCT PPAZ G350AZ150(T15+10,B10+6)-SIC150-3600","WF60","300","","2","1","14","","3600"
"LKQ","18046161123","TRIM","1829377","26936971","18","765","CTL","Cut to Length Line","C049821","1000","SILVER COIN","","18046161123:35807806:Zhaoqing xia","L016369*32089680","LYSAGHT STANDARD FLASHING 0.60MM TCT PPAZ G350AZ150(T15+10,B10+6)-SIC150-5000","WF62","260","","15","1","2","","5000"
"LKQ","18046161123","TRIM","1829377","26936972","19","765","CTL","Cut to Length Line","C049821","1000","SILVER COIN","","18046161123:35807807:Zhaoqing xia","L016369*32089681","LYSAGHT STANDARD FLASHING 0.60MM TCT PPAZ G350AZ150(T15+10,B10+6)-SIC150-4700","WF63","62","","9","1","3","","4700"
"LKQ","18046161123","TRIM","1829377","26936973","20","765","CTL","Cut to Length Line","C049821","1000","SILVER COIN","","18046161123:35807808:Zhaoqing xia","L016369*32089682","LYSAGHT STANDARD FLASHING 0.60MM TCT PPAZ G350AZ150(T15+10,B10+6)-SIC150-4700","WF63A","47","","10","1","3","","4700"
"LKQ","18046161126","TRIM","1829378","26936975","1","765","CTL","Cut to Length Line","C049821","1000","SILVER COIN","","18046161126:35807837:Zhaoqing xia","L016369*32089746","LYSAGHT STANDARD FLASHING 0.60MM TCT PPAZ G350AZ150(T15+10,B10+6)-SIC150-3600","TGF01","250","","1","1","138","","3600"
"LKQ","18046161126","TRIM","1829378","26936976","2","765","CTL","Cut to Length Line","C049821","1000","SILVER COIN","","18046161126:35807838:Zhaoqing xia","L016369*32089747","LYSAGHT STANDARD FLASHING 0.60MM TCT PPAZ G350AZ150(T15+10,B10+6)-SIC150-3600","TGF02","350","","3","1","138","","3600"
"LKQ","18046161126","TRIM","1829378","26936977","3","765","CTL","Cut to Length Line","C049821","1000","SILVER COIN","","18046161126:35807839:Zhaoqing xia","L016369*32089748","LYSAGHT STANDARD FLASHING 0.60MM TCT PPAZ G350AZ150(T15+10,B10+6)-SIC150-3600","TGF03","200","","2","1","138","","3600"
"LKQ","1702119017","TRIM","1829379","26936979","1","765","CTL","Cut to Length Line","C026455","1200","GULL GREY","","1702119017:35846147:YANTAI CONST","L005461*32136071","LYSAGHT STANDARD FLASHING 0.53MM TCT CLEAN COLORBOND XRW G550AZ150-GUG150-800","8SF-2-H","405","","8","1","12","","800"
"LKQ","1702119017","TRIM","1829379","26936980","2","765","CTL","Cut to Length Line","C026455","1200","GULL GREY","","1702119017:35846148:YANTAI CONST","L005461*32136072","LYSAGHT STANDARD FLASHING 0.53MM TCT CLEAN COLORBOND XRW G550AZ150-GUG150-800","8SF-3-H","450","","11","1","12","","800"
"LKQ","1702119017","TRIM","1829379","26936981","3","765","CTL","Cut to Length Line","C026455","1200","GULL GREY","","1702119017:35846149:YANTAI CONST","L005461*32136073","LYSAGHT STANDARD FLASHING 0.53MM TCT CLEAN COLORBOND XRW G550AZ150-GUG150-1400","8SF-3C-H","388","","4","1","24","","1400"
"LKQ","1702119017","TRIM","1829379","26936982","4","765","CTL","Cut to Length Line","C026455","1200","GULL GREY","","1702119017:35846150:YANTAI CONST","L005461*32136074","LYSAGHT STANDARD FLASHING 0.53MM TCT CLEAN COLORBOND XRW G550AZ150-GUG150-2200","8SF-3C-HA","588","","12","1","4","","2200"
"LKQ","1702119017","TRIM","1829379","26936983","5","765","CTL","Cut to Length Line","C026455","1200","GULL GREY","","1702119017:35846151:YANTAI CONST","L005461*32136075","LYSAGHT STANDARD FLASHING 0.53MM TCT CLEAN COLORBOND XRW G550AZ150-GUG150-3600","8SF-4-H","546","","13","1","50","","3600"
"LKQ","1702119017","TRIM","1829379","26936984","6","765","CTL","Cut to Length Line","C026455","1200","GULL GREY","","1702119017:35846152:YANTAI CONST","L005461*32136076","LYSAGHT STANDARD FLASHING 0.53MM TCT CLEAN COLORBOND XRW G550AZ150-GUG150-3600","8SF-6-HA","250","","16","1","4","","3600"
"LKQ","1702119017","TRIM","1829379","26936985","7","765","CTL","Cut to Length Line","C026455","1200","GULL GREY","","1702119017:35846153:YANTAI CONST","L005461*32136077","LYSAGHT STANDARD FLASHING 0.53MM TCT CLEAN COLORBOND XRW G550AZ150-GUG150-3600","8SF-4N-H","191","","14","1","54","","3600"
"LKQ","1702119017","TRIM","1829379","26936986","8","765","CTL","Cut to Length Line","C026468","1200","OFF WHITE","","1702119017:35846135:YANTAI CONST","L005461*32136059","LYSAGHT STANDARD FLASHING 0.53MM TCT CLEAN COLORBOND XRW G550AZ150-OFW150-3500","8SF-1-B","680","","9","1","25","","3500"
"LKQ","1702119017","TRIM","1829379","26936987","9","765","CTL","Cut to Length Line","C026468","1200","OFF WHITE","","1702119017:35846136:YANTAI CONST","L005461*32136060","LYSAGHT STANDARD FLASHING 0.53MM TCT CLEAN COLORBOND XRW G550AZ150-OFW150-3600","8SF-6A-B","250","","17","1","56","","3600"
"LKQ","1702119017","TRIM","1829379","26936988","10","765","CTL","Cut to Length Line","C026468","1200","OFF WHITE","","1702119017:35846137:YANTAI CONST","L005461*32136061","LYSAGHT STANDARD FLASHING 0.53MM TCT CLEAN COLORBOND XRW G550AZ150-OFW150-3600","8SF-6-B","250","","10","1","56","","3600"
"LKQ","1702119017","TRIM","1829379","26936989","11","765","CTL","Cut to Length Line","C026468","1200","OFF WHITE","","1702119017:35846138:YANTAI CONST","L005461*32136062","LYSAGHT STANDARD FLASHING 0.53MM TCT CLEAN COLORBOND XRW G550AZ150-OFW150-3600","8SF-5-B","662","","1","1","29","","3600"
"LKQ","1702119017","TRIM","1829379","26936990","12","765","CTL","Cut to Length Line","C026468","1200","OFF WHITE","","1702119017:35846139:YANTAI CONST","L005461*32136063","LYSAGHT STANDARD FLASHING 0.53MM TCT CLEAN COLORBOND XRW G550AZ150-OFW150-3500","8SF-2-BA","605","","5","1","4","","3500"
"LKQ","1702119017","TRIM","1829379","26936991","13","765","CTL","Cut to Length Line","C026473","1200","TORRES BLUE","","1702119017:35846140:YANTAI CONST","L005461*32136064","LYSAGHT STANDARD FLASHING 0.53MM TCT CLEAN COLORBOND XRW G550AZ150-TOB150-3600","8SF-1-L","680","","6","1","32","","3600"
"LKQ","1702119017","TRIM","1829379","26936992","14","765","CTL","Cut to Length Line","C026473","1200","TORRES BLUE","","1702119017:35846141:YANTAI CONST","L005461*32136065","LYSAGHT STANDARD FLASHING 0.53MM TCT CLEAN COLORBOND XRW G550AZ150-TOB150-800","8SF-2-L","405","","18","1","6","","800"
"LKQ","1702119017","TRIM","1829379","26936993","15","765","CTL","Cut to Length Line","C026473","1200","TORRES BLUE","","1702119017:35846142:YANTAI CONST","L005461*32136066","LYSAGHT STANDARD FLASHING 0.53MM TCT CLEAN COLORBOND XRW G550AZ150-TOB150-800","8SF-3-L","450","","19","1","6","","800"
"LKQ","1702119017","TRIM","1829379","26936994","16","765","CTL","Cut to Length Line","C026473","1200","TORRES BLUE","","1702119017:35846143:YANTAI CONST","L005461*32136067","LYSAGHT STANDARD FLASHING 0.53MM TCT CLEAN COLORBOND XRW G550AZ150-TOB150-1400","8SF-3C-L","388","","3","1","12","","1400"
"LKQ","1702119017","TRIM","1829379","26936995","17","765","CTL","Cut to Length Line","C026473","1200","TORRES BLUE","","1702119017:35846144:YANTAI CONST","L005461*32136068","LYSAGHT STANDARD FLASHING 0.53MM TCT CLEAN COLORBOND XRW G550AZ150-TOB150-2200","8SF-3C-LA","588","","2","1","4","","2200"
"LKQ","1702119017","TRIM","1829379","26936996","18","765","CTL","Cut to Length Line","C026473","1200","TORRES BLUE","","1702119017:35846145:YANTAI CONST","L005461*32136069","LYSAGHT STANDARD FLASHING 0.53MM TCT CLEAN COLORBOND XRW G550AZ150-TOB150-3600","8SF-4-L","546","","7","1","3","","3600"
"LKQ","1702119017","TRIM","1829379","26936997","19","765","CTL","Cut to Length Line","C026473","1200","TORRES BLUE","","1702119017:35846146:YANTAI CONST","L005461*32136070","LYSAGHT STANDARD FLASHING 0.53MM TCT CLEAN COLORBOND XRW G550AZ150-TOB150-3600","8SF-6-LA","250","","15","1","4","","3600"
"LKQ","1804267117","TRIM","1829380","26936999","1","765","CTL","Cut to Length Line","C016181","1200","","","1804267117:35738448:Kunshan Ai K","L003918*31944994","LYSAGHT STANDARD FLASHING 0.6MM TCT ZINCALUME G300AZ150--3500","RF-01","415","","1","1","4","","3500"
"LKQ","1804267117","TRIM","1829380","26937000","2","765","CTL","Cut to Length Line","C016181","1200","","","1804267117:35738449:Kunshan Ai K","L003918*31944995","LYSAGHT STANDARD FLASHING 0.6MM TCT ZINCALUME G300AZ150--3500","RF-02","245","","23","1","4","","3500"
"LKQ","1804267117","TRIM","1829380","26937001","3","765","CTL","Cut to Length Line","C016181","1200","","","1804267117:35738450:Kunshan Ai K","L003918*31944996","LYSAGHT STANDARD FLASHING 0.6MM TCT ZINCALUME G300AZ150--3700","RF-03","50","","13","1","5","","3700"
"LKQ","1804267117","TRIM","1829380","26937002","4","765","CTL","Cut to Length Line","C016181","1200","","","1804267117:35738451:Kunshan Ai K","L003918*31944997","LYSAGHT STANDARD FLASHING 0.6MM TCT ZINCALUME G300AZ150--3700","RF-04","60","","24","1","5","","3700"
"LKQ","1804267117","TRIM","1829380","26937003","5","765","CTL","Cut to Length Line","C016181","1200","","","1804267117:35738439:Kunshan Ai K","L003918*31945036","LYSAGHT STANDARD FLASHING 0.6MM TCT ZINCALUME G300AZ150--3500","WF-15","580","","9","1","4","","3500"
"LKQ","1804267117","TRIM","1829380","26937004","6","765","CTL","Cut to Length Line","C018169","1250","","","1804267117:35738453:Kunshan Ai K","L005671*31944999","LYSAGHT STANDARD FLASHING 1.5MM GALVANIZED G345Z275--3500","ZJ-05","190","","32","1","4","","3500"
"LKQ","1804267117","TRIM","1829380","26937005","7","765","CTL","Cut to Length Line","C018169","1250","","","1804267117:35738454:Kunshan Ai K","L005671*31945000","LYSAGHT STANDARD FLASHING 1.5MM GALVANIZED G345Z275--3100","ZJ-02","100","","3","1","12","","3100"
"LKQ","1804267117","TRIM","1829380","26937006","8","765","CTL","Cut to Length Line","C018169","1250","","","1804267117:35738455:Kunshan Ai K","L005671*31945001","LYSAGHT STANDARD FLASHING 1.5MM GALVANIZED G345Z275--3100","ZJ-08","200","","20","1","12","","3100"
"LKQ","1804267117","TRIM","1829380","26937007","9","765","CTL","Cut to Length Line","C018169","1250","","","1804267117:35738440:Kunshan Ai K","L005671*31945037","LYSAGHT STANDARD FLASHING 1.5MM GALVANIZED G345Z275--600","ZJ-04","70","","18","1","4","","600"
"LKQ","1804267117","TRIM","1829380","26937008","10","765","CTL","Cut to Length Line","C026365","1000","OFF WHITE","","1804267117:35738443:Kunshan Ai K","L006345*31945040","LYSAGHT STANDARD FLASHING 0.53MM TCT CLEAN COLORBOND XRW G300AZ150-OFW150-3000","","452","","31","1","8","","3000"
"LKQ","1804267117","TRIM","1829380","26937009","11","765","CTL","Cut to Length Line","C026365","1000","OFF WHITE","","1804267117:35738444:Kunshan Ai K","L006345*31945041","LYSAGHT STANDARD FLASHING 0.53MM TCT CLEAN COLORBOND XRW G300AZ150-OFW150-446","","356","","19","1","8","","446"
"LKQ","1804267117","TRIM","1829380","26937010","12","765","CTL","Cut to Length Line","C026365","1000","OFF WHITE","","1804267117:35738445:Kunshan Ai K","L006345*31945042","LYSAGHT STANDARD FLASHING 0.53MM TCT CLEAN COLORBOND XRW G300AZ150-OFW150-490","","50","","2","1","20","","490"
"LKQ","1804267117","TRIM","1829380","26937011","13","765","CTL","Cut to Length Line","C026468","1200","OFF WHITE","","1804267117:35738470:Kunshan Ai K","L005461*31945019","LYSAGHT STANDARD FLASHING 0.53MM TCT CLEAN COLORBOND XRW G550AZ150-OFW150-3500","WF-01","475","","5","1","4","","3500"
"LKQ","1804267117","TRIM","1829380","26937012","14","765","CTL","Cut to Length Line","C026468","1200","OFF WHITE","","1804267117:35738471:Kunshan Ai K","L005461*31945020","LYSAGHT STANDARD FLASHING 0.53MM TCT CLEAN COLORBOND XRW G550AZ150-OFW150-3600","WF-03","475","","21","1","10","","3600"
"LKQ","1804267117","TRIM","1829380","26937013","15","765","CTL","Cut to Length Line","C026468","1200","OFF WHITE","","1804267117:35738472:Kunshan Ai K","L005461*31945021","LYSAGHT STANDARD FLASHING 0.53MM TCT CLEAN COLORBOND XRW G550AZ150-OFW150-3500","WF-02","90","","12","1","4","","3500"
"LKQ","1804267117","TRIM","1829380","26937014","16","765","CTL","Cut to Length Line","C026468","1200","OFF WHITE","","1804267117:35738473:Kunshan Ai K","L005461*31945022","LYSAGHT STANDARD FLASHING 0.53MM TCT CLEAN COLORBOND XRW G550AZ150-OFW150-3600","WF-04","175","","14","1","18","","3600"
"LKQ","1804267117","TRIM","1829380","26937015","17","765","CTL","Cut to Length Line","C026468","1200","OFF WHITE","","1804267117:35738474:Kunshan Ai K","L005461*31945023","LYSAGHT STANDARD FLASHING 0.53MM TCT CLEAN COLORBOND XRW G550AZ150-OFW150-3600","WF-05","215","","6","1","18","","3600"
"LKQ","1804267117","TRIM","1829380","26937016","18","765","CTL","Cut to Length Line","C026468","1200","OFF WHITE","","1804267117:35738427:Kunshan Ai K","L005461*31945024","LYSAGHT STANDARD FLASHING 0.53MM TCT CLEAN COLORBOND XRW G550AZ150-OFW150-3600","WF-06","275","","26","1","14","","3600"
"LKQ","1804267117","TRIM","1829380","26937017","19","765","CTL","Cut to Length Line","C026468","1200","OFF WHITE","","1804267117:35738428:Kunshan Ai K","L005461*31945025","LYSAGHT STANDARD FLASHING 0.53MM TCT CLEAN COLORBOND XRW G550AZ150-OFW150-1700","WF-08","225","","22","1","1","","1700"
"LKQ","1804267117","TRIM","1829380","26937018","20","765","CTL","Cut to Length Line","C026468","1200","OFF WHITE","","1804267117:35738429:Kunshan Ai K","L005461*31945026","LYSAGHT STANDARD FLASHING 0.53MM TCT CLEAN COLORBOND XRW G550AZ150-OFW150-4000","WF-08A","225","","10","1","2","","4000"
"LKQ","1804267117","TRIM","1829380","26937019","21","765","CTL","Cut to Length Line","C026468","1200","OFF WHITE","","1804267117:35738430:Kunshan Ai K","L005461*31945027","LYSAGHT STANDARD FLASHING 0.53MM TCT CLEAN COLORBOND XRW G550AZ150-OFW150-1700","WF-09","165","","11","1","1","","1700"
"LKQ","1804267117","TRIM","1829380","26937020","22","765","CTL","Cut to Length Line","C026468","1200","OFF WHITE","","1804267117:35738431:Kunshan Ai K","L005461*31945028","LYSAGHT STANDARD FLASHING 0.53MM TCT CLEAN COLORBOND XRW G550AZ150-OFW150-4000","WF-09A","165","","15","1","2","","4000"
"LKQ","1804267117","TRIM","1829380","26937021","23","765","CTL","Cut to Length Line","C026468","1200","OFF WHITE","","1804267117:35738432:Kunshan Ai K","L005461*31945029","LYSAGHT STANDARD FLASHING 0.53MM TCT CLEAN COLORBOND XRW G550AZ150-OFW150-1700","WF-10","270","","16","1","1","","1700"
"LKQ","1804267117","TRIM","1829380","26937022","24","765","CTL","Cut to Length Line","C026468","1200","OFF WHITE","","1804267117:35738433:Kunshan Ai K","L005461*31945030","LYSAGHT STANDARD FLASHING 0.53MM TCT CLEAN COLORBOND XRW G550AZ150-OFW150-800","WF-11","315","","27","1","2","","800"
"LKQ","1804267117","TRIM","1829380","26937023","25","765","CTL","Cut to Length Line","C026468","1200","OFF WHITE","","1804267117:35738434:Kunshan Ai K","L005461*31945031","LYSAGHT STANDARD FLASHING 0.53MM TCT CLEAN COLORBOND XRW G550AZ150-OFW150-3100","WF-11A","315","","28","1","4","","3100"
"LKQ","1804267117","TRIM","1829380","26937024","26","765","CTL","Cut to Length Line","C026468","1200","OFF WHITE","","1804267117:35738435:Kunshan Ai K","L005461*31945032","LYSAGHT STANDARD FLASHING 0.53MM TCT CLEAN COLORBOND XRW G550AZ150-OFW150-1200","WF-12","325","","17","1","1","","1200"
"LKQ","1804267117","TRIM","1829380","26937025","27","765","CTL","Cut to Length Line","C026468","1200","OFF WHITE","","1804267117:35738436:Kunshan Ai K","L005461*31945033","LYSAGHT STANDARD FLASHING 0.53MM TCT CLEAN COLORBOND XRW G550AZ150-OFW150-2000","WF-12A","325","","7","1","1","","2000"
"LKQ","1804267117","TRIM","1829380","26937026","28","765","CTL","Cut to Length Line","C026468","1200","OFF WHITE","","1804267117:35738437:Kunshan Ai K","L005461*31945034","LYSAGHT STANDARD FLASHING 0.53MM TCT CLEAN COLORBOND XRW G550AZ150-OFW150-3100","WF-13","540","","29","1","12","","3100"
"LKQ","1804267117","TRIM","1829380","26937027","29","765","CTL","Cut to Length Line","C026468","1200","OFF WHITE","","1804267117:35738438:Kunshan Ai K","L005461*31945035","LYSAGHT STANDARD FLASHING 0.53MM TCT CLEAN COLORBOND XRW G550AZ150-OFW150-2000","WF-13A","540","","8","1","2","","2000"
"LKQ","1804267117","TRIM","1829380","26937028","1","765","CTL200","Cut to Length Line 200T","C030282","1260","","","1804267117:35738452:Kunshan Ai K","L015713*31944998","LYSAGHT STANDARD FLASHING 1.9MM GALVANIZED G345Z275--3500","ZJ-01","305","","25","1","4","","3500"
"LKQ","1804267117","TRIM","1829380","26937029","2","765","CTL200","Cut to Length Line 200T","C030282","1260","","","1804267117:35738441:Kunshan Ai K","L015713*31945038","LYSAGHT STANDARD FLASHING 1.9MM GALVANIZED G345Z275--135","ZJ-07","400","","4","1","4","","135"
"LKQ","1804267117","TRIM","1829380","26937030","3","765","CTL200","Cut to Length Line 200T","C030282","1260","","","1804267117:35738442:Kunshan Ai K","L015713*31945039","LYSAGHT STANDARD FLASHING 1.9MM GALVANIZED G345Z275--135","ZJ-06","260","","30","1","20","","135"
"LKQ","1804267118","TRIM","1829381","26937032","1","765","CTL","Cut to Length Line","C018169","1250","","","1804267118:35757644:Kunshan Ai K","L005671*31945125","LYSAGHT STANDARD FLASHING 1.5MM GALVANIZED G345Z275--405","LD-01","50","","14","1","6","","405"
"LKQ","1804267118","TRIM","1829381","26937033","2","765","CTL","Cut to Length Line","C026365","1000","OFF WHITE","","1804267118:35757633:Kunshan Ai K","L006345*31945126","LYSAGHT STANDARD FLASHING 0.53MM TCT CLEAN COLORBOND XRW G300AZ150-OFW150-4000","","452","","3","1","2","","4000"
"LKQ","1804267118","TRIM","1829381","26937034","3","765","CTL","Cut to Length Line","C026365","1000","OFF WHITE","","1804267118:35757634:Kunshan Ai K","L006345*31945127","LYSAGHT STANDARD FLASHING 0.53MM TCT CLEAN COLORBOND XRW G300AZ150-OFW150-446","","356","","15","1","2","","446"
"LKQ","1804267118","TRIM","1829381","26937035","4","765","CTL","Cut to Length Line","C026365","1000","OFF WHITE","","1804267118:35757635:Kunshan Ai K","L006345*31945128","LYSAGHT STANDARD FLASHING 0.53MM TCT CLEAN COLORBOND XRW G300AZ150-OFW150-650","","50","","12","1","6","","650"
"LKQ","1804267118","TRIM","1829381","26937036","5","765","CTL","Cut to Length Line","C026468","1200","OFF WHITE","","1804267118:35757628:Kunshan Ai K","L005461*31945112","LYSAGHT STANDARD FLASHING 0.53MM TCT CLEAN COLORBOND XRW G550AZ150-OFW150-3500","WF-02","90","","16","1","13","","3500"
"LKQ","1804267118","TRIM","1829381","26937037","6","765","CTL","Cut to Length Line","C026468","1200","OFF WHITE","","1804267118:35757629:Kunshan Ai K","L005461*31945113","LYSAGHT STANDARD FLASHING 0.53MM TCT CLEAN COLORBOND XRW G550AZ150-OFW150-3500","WF-07","175","","4","1","13","","3500"
"LKQ","1804267118","TRIM","1829381","26937038","7","765","CTL","Cut to Length Line","C026468","1200","OFF WHITE","","1804267118:35757630:Kunshan Ai K","L005461*31945114","LYSAGHT STANDARD FLASHING 0.53MM TCT CLEAN COLORBOND XRW G550AZ150-OFW150-1200","WF-08-1","225","","1","1","1","","1200"
"LKQ","1804267118","TRIM","1829381","26937039","8","765","CTL","Cut to Length Line","C026468","1200","OFF WHITE","","1804267118:35757631:Kunshan Ai K","L005461*31945115","LYSAGHT STANDARD FLASHING 0.53MM TCT CLEAN COLORBOND XRW G550AZ150-OFW150-1700","WF-08-2","225","","8","1","1","","1700"
"LKQ","1804267118","TRIM","1829381","26937040","9","765","CTL","Cut to Length Line","C026468","1200","OFF WHITE","","1804267118:35757632:Kunshan Ai K","L005461*31945116","LYSAGHT STANDARD FLASHING 0.53MM TCT CLEAN COLORBOND XRW G550AZ150-OFW150-1200","WF-09-1","165","","5","1","1","","1200"
"LKQ","1804267118","TRIM","1829381","26937041","10","765","CTL","Cut to Length Line","C026468","1200","OFF WHITE","","1804267118:35757636:Kunshan Ai K","L005461*31945117","LYSAGHT STANDARD FLASHING 0.53MM TCT CLEAN COLORBOND XRW G550AZ150-OFW150-1700","WF-09-2","165","","9","1","1","","1700"
"LKQ","1804267118","TRIM","1829381","26937042","11","765","CTL","Cut to Length Line","C026468","1200","OFF WHITE","","1804267118:35757637:Kunshan Ai K","L005461*31945118","LYSAGHT STANDARD FLASHING 0.53MM TCT CLEAN COLORBOND XRW G550AZ150-OFW150-1200","WF-10-1","270","","6","1","1","","1200"
"LKQ","1804267118","TRIM","1829381","26937043","12","765","CTL","Cut to Length Line","C026468","1200","OFF WHITE","","1804267118:35757638:Kunshan Ai K","L005461*31945119","LYSAGHT STANDARD FLASHING 0.53MM TCT CLEAN COLORBOND XRW G550AZ150-OFW150-1700","WF-10-2","270","","17","1","1","","1700"
"LKQ","1804267118","TRIM","1829381","26937044","13","765","CTL","Cut to Length Line","C026468","1200","OFF WHITE","","1804267118:35757639:Kunshan Ai K","L005461*31945120","LYSAGHT STANDARD FLASHING 0.53MM TCT CLEAN COLORBOND XRW G550AZ150-OFW150-800","WF-11-1","315","","2","1","4","","800"
"LKQ","1804267118","TRIM","1829381","26937045","14","765","CTL","Cut to Length Line","C026468","1200","OFF WHITE","","1804267118:35757640:Kunshan Ai K","L005461*31945121","LYSAGHT STANDARD FLASHING 0.53MM TCT CLEAN COLORBOND XRW G550AZ150-OFW150-2800","WF-11-2","315","","10","1","2","","2800"
"LKQ","1804267118","TRIM","1829381","26937046","15","765","CTL","Cut to Length Line","C026468","1200","OFF WHITE","","1804267118:35757641:Kunshan Ai K","L005461*31945122","LYSAGHT STANDARD FLASHING 0.53MM TCT CLEAN COLORBOND XRW G550AZ150-OFW150-2000","WF-12A","340","","7","1","1","","2000"
"LKQ","1804267118","TRIM","1829381","26937047","16","765","CTL","Cut to Length Line","C026468","1200","OFF WHITE","","1804267118:35757642:Kunshan Ai K","L005461*31945123","LYSAGHT STANDARD FLASHING 0.53MM TCT CLEAN COLORBOND XRW G550AZ150-OFW150-4000","WF-13","540","","13","1","4","","4000"
"LKQ","1804267118","TRIM","1829381","26937048","17","765","CTL","Cut to Length Line","C028279","1250","","","1804267118:35757643:Kunshan Ai K","L005689*31945124","LYSAGHT STANDARD FLASHING 2.1MM GALVANIZED G345Z275--3500","ZJ-03","120","","11","1","13","","3500"
"LKQ","1804120660","TRIM","1829382","26937050","1","765","CTL","Cut to Length Line","C018169","1250","","","1804120660:35162652:SHANGHAI LIN","L005671*31199586","LYSAGHT STANDARD FLASHING 1.5MM GALVANIZED G345Z275--1032","G2-YG-1","196","","9","1","2","","1032"
"LKQ","1804120660","TRIM","1829382","26937051","2","765","CTL","Cut to Length Line","C018169","1250","","","1804120660:35162653:SHANGHAI LIN","L005671*31199587","LYSAGHT STANDARD FLASHING 1.5MM GALVANIZED G345Z275--1032","G2-YG-2","196","","10","1","2","","1032"
"LKQ","1804120660","TRIM","1829382","26937052","3","765","CTL","Cut to Length Line","C018169","1250","","","1804120660:35162654:SHANGHAI LIN","L005671*31199588","LYSAGHT STANDARD FLASHING 1.5MM GALVANIZED G345Z275--1272","G2-YG-3","196","","11","1","2","","1272"
"LKQ","1804120660","TRIM","1829382","26937053","4","765","CTL","Cut to Length Line","C018169","1250","","","1804120660:35162655:SHANGHAI LIN","L005671*31199589","LYSAGHT STANDARD FLASHING 1.5MM GALVANIZED G345Z275--1272","G2-YG-4","196","","5","1","2","","1272"
"LKQ","1804120660","TRIM","1829382","26937054","5","765","CTL","Cut to Length Line","C018169","1250","","","1804120660:35162656:SHANGHAI LIN","L005671*31199590","LYSAGHT STANDARD FLASHING 1.5MM GALVANIZED G345Z275--1197","G2-YG-5","196","","25","1","3","","1197"
"LKQ","1804120660","TRIM","1829382","26937055","6","765","CTL","Cut to Length Line","C018169","1250","","","1804120660:35162657:SHANGHAI LIN","L005671*31199591","LYSAGHT STANDARD FLASHING 1.5MM GALVANIZED G345Z275--1197","G2-YG-6","196","","21","1","3","","1197"
"LKQ","1804120660","TRIM","1829382","26937056","7","765","CTL","Cut to Length Line","C018169","1250","","","1804120660:35162658:SHANGHAI LIN","L005671*31199592","LYSAGHT STANDARD FLASHING 1.5MM GALVANIZED G345Z275--1298","G2-YG-7","196","","12","1","56","","1298"
"LKQ","1804120660","TRIM","1829382","26937057","8","765","CTL","Cut to Length Line","C018169","1250","","","1804120660:35162659:SHANGHAI LIN","L005671*31199593","LYSAGHT STANDARD FLASHING 1.5MM GALVANIZED G345Z275--1198","G2-YG-8","196","","3","1","68","","1198"
"LKQ","1804120660","TRIM","1829382","26937058","9","765","CTL","Cut to Length Line","C018169","1250","","","1804120660:35162660:SHANGHAI LIN","L005671*31199594","LYSAGHT STANDARD FLASHING 1.5MM GALVANIZED G345Z275--1032","G2-YG-9","196","","6","1","4","","1032"
"LKQ","1804120660","TRIM","1829382","26937059","10","765","CTL","Cut to Length Line","C018169","1250","","","1804120660:35162661:SHANGHAI LIN","L005671*31199595","LYSAGHT STANDARD FLASHING 1.5MM GALVANIZED G345Z275--1098","G2-YG-10","196","","16","1","110","","1098"
"LKQ","1804120660","TRIM","1829382","26937060","11","765","CTL","Cut to Length Line","C018169","1250","","","1804120660:35162571:SHANGHAI LIN","L005671*31199596","LYSAGHT STANDARD FLASHING 1.5MM GALVANIZED G345Z275--1348","G2-YG-11","196","","13","1","60","","1348"
"LKQ","1804120660","TRIM","1829382","26937061","12","765","CTL","Cut to Length Line","C018169","1250","","","1804120660:35162572:SHANGHAI LIN","L005671*31199597","LYSAGHT STANDARD FLASHING 1.5MM GALVANIZED G345Z275--1272","G2-YG-12","196","","17","1","2","","1272"
"LKQ","1804120660","TRIM","1829382","26937062","13","765","CTL","Cut to Length Line","C018169","1250","","","1804120660:35162573:SHANGHAI LIN","L005671*31199598","LYSAGHT STANDARD FLASHING 1.5MM GALVANIZED G345Z275--1448","G2-YG-13","196","","26","1","40","","1448"
"LKQ","1804120660","TRIM","1829382","26937063","14","765","CTL","Cut to Length Line","C018169","1250","","","1804120660:35162574:SHANGHAI LIN","L005671*31199599","LYSAGHT STANDARD FLASHING 1.5MM GALVANIZED G345Z275--1398","G2-YG-14","196","","14","1","20","","1398"
"LKQ","1804120660","TRIM","1829382","26937064","15","765","CTL","Cut to Length Line","C018169","1250","","","1804120660:35162575:SHANGHAI LIN","L005671*31199600","LYSAGHT STANDARD FLASHING 1.5MM GALVANIZED G345Z275--1408","G2-YG-15","196","","27","1","8","","1408"
"LKQ","1804120660","TRIM","1829382","26937065","16","765","CTL","Cut to Length Line","C018169","1250","","","1804120660:35162576:SHANGHAI LIN","L005671*31199601","LYSAGHT STANDARD FLASHING 1.5MM GALVANIZED G345Z275--998","G2-YG-16","196","","18","1","46","","998"
"LKQ","1804120660","TRIM","1829382","26937066","17","765","CTL","Cut to Length Line","C018169","1250","","","1804120660:35162577:SHANGHAI LIN","L005671*31199602","LYSAGHT STANDARD FLASHING 1.5MM GALVANIZED G345Z275--1072","G2-YG-17","196","","22","1","4","","1072"
"LKQ","1804120660","TRIM","1829382","26937067","18","765","CTL","Cut to Length Line","C018169","1250","","","1804120660:35162578:SHANGHAI LIN","L005671*31199603","LYSAGHT STANDARD FLASHING 1.5MM GALVANIZED G345Z275--1332","G2-YG-18","196","","7","1","12","","1332"
"LKQ","1804120660","TRIM","1829382","26937068","19","765","CTL","Cut to Length Line","C018169","1250","","","1804120660:35162579:SHANGHAI LIN","L005671*31199604","LYSAGHT STANDARD FLASHING 1.5MM GALVANIZED G345Z275--1273","G2-YG-19","196","","4","1","12","","1273"
"LKQ","1804120660","TRIM","1829382","26937069","20","765","CTL","Cut to Length Line","C018169","1250","","","1804120660:35162580:SHANGHAI LIN","L005671*31199605","LYSAGHT STANDARD FLASHING 1.5MM GALVANIZED G345Z275--1272","G2-YG-20","196","","1","1","2","","1272"
"LKQ","1804120660","TRIM","1829382","26937070","21","765","CTL","Cut to Length Line","C018169","1250","","","1804120660:35162581:SHANGHAI LIN","L005671*31199606","LYSAGHT STANDARD FLASHING 1.5MM GALVANIZED G345Z275--1575","G2-YG-21","196","","28","1","14","","1575"
"LKQ","1804120660","TRIM","1829382","26937071","22","765","CTL","Cut to Length Line","C018169","1250","","","1804120660:35162582:SHANGHAI LIN","L005671*31199607","LYSAGHT STANDARD FLASHING 1.5MM GALVANIZED G345Z275--948","G2-YG-22","196","","2","1","20","","948"
"LKQ","1804120660","TRIM","1829382","26937072","23","765","CTL","Cut to Length Line","C018169","1250","","","1804120660:35162583:SHANGHAI LIN","L005671*31199608","LYSAGHT STANDARD FLASHING 1.5MM GALVANIZED G345Z275--1197","G2-YG-23","196","","23","1","6","","1197"
"LKQ","1804120660","TRIM","1829382","26937073","24","765","CTL","Cut to Length Line","C018169","1250","","","1804120660:35162584:SHANGHAI LIN","L005671*31199609","LYSAGHT STANDARD FLASHING 1.5MM GALVANIZED G345Z275--1598","G2-YG-24","196","","19","1","14","","1598"
"LKQ","1804120660","TRIM","1829382","26937074","25","765","CTL","Cut to Length Line","C018169","1250","","","1804120660:35162585:SHANGHAI LIN","L005671*31199610","LYSAGHT STANDARD FLASHING 1.5MM GALVANIZED G345Z275--1043","G2-YG-25","196","","15","1","2","","1043"
"LKQ","1804120660","TRIM","1829382","26937075","26","765","CTL","Cut to Length Line","C018169","1250","","","1804120660:35162586:SHANGHAI LIN","L005671*31199611","LYSAGHT STANDARD FLASHING 1.5MM GALVANIZED G345Z275--1013","G2-YG-26","196","","8","1","2","","1013"
"LKQ","1804120660","TRIM","1829382","26937076","27","765","CTL","Cut to Length Line","C048287","1260","","","1804120660:35162587:SHANGHAI LIN","L015947*31199612","LYSAGHT STANDARD FLASHING 2.4MM GALVANIZED G450Z275--395","G2-P19","84","","29","1","40","","395"
"LKQ","1804120660","TRIM","1829382","26937077","28","765","CTL","Cut to Length Line","C048287","1260","","","1804120660:35162588:SHANGHAI LIN","L015947*31199613","LYSAGHT STANDARD FLASHING 2.4MM GALVANIZED G450Z275--395","G2-P20","50","","20","1","32","","395"
"LKQ","1804120660","TRIM","1829382","26937078","29","765","CTL","Cut to Length Line","C048287","1260","","","1804120660:35162589:SHANGHAI LIN","L015947*31199614","LYSAGHT STANDARD FLASHING 2.4MM GALVANIZED G450Z275--395","G2-P21","50","","24","1","32","","395"
"LKQ","17025884172","TRIM","1829383","26937080","1","765","CTL","Cut to Length Line","C018169","1250","","","17025884172:32769588:SHANGHAI TAI","L005671*28408599","LYSAGHT STANDARD FLASHING 1.5MM GALVANIZED G345Z275--3000","5S-4","200","","1","1","66","","3000"
"LKQ","17025884172","TRIM","1829383","26937081","2","765","CTL","Cut to Length Line","C048954","1200","OFF WHITE","","17025884172:32769583:SHANGHAI TAI","L016212*28408594","LYSAGHT STANDARD FLASHING 0.56MM TPT PPAZ Q345AZ165-OFW165-3600","5S-1","600","","6","1","43","","3600"
"LKQ","17025884172","TRIM","1829383","26937082","3","765","CTL","Cut to Length Line","C048954","1200","OFF WHITE","","17025884172:32769584:SHANGHAI TAI","L016212*28408595","LYSAGHT STANDARD FLASHING 0.56MM TPT PPAZ Q345AZ165-OFW165-3600","5S-2","50","","4","1","27","","3600"
"LKQ","17025884172","TRIM","1829383","26937083","4","765","CTL","Cut to Length Line","C048954","1200","OFF WHITE","","17025884172:32769585:SHANGHAI TAI","L016212*28408596","LYSAGHT STANDARD FLASHING 0.56MM TPT PPAZ Q345AZ165-OFW165-3600","5S-3","60","","2","1","27","","3600"
"LKQ","17025884172","TRIM","1829383","26937084","5","765","CTL","Cut to Length Line","C048954","1200","OFF WHITE","","17025884172:32769586:SHANGHAI TAI","L016212*28408597","LYSAGHT STANDARD FLASHING 0.56MM TPT PPAZ Q345AZ165-OFW165-1600","5S-5","90","","5","1","1450","","1600"
"LKQ","17025884172","TRIM","1829383","26937085","1","765","CTL200","Cut to Length Line 200T","C030282","1260","","","17025884172:32769587:SHANGHAI TAI","L015713*28408598","Standard Flashing 1200 1.9mm Galvanized Z275 G345 Steel--3600","5S-6","185","","3","1","42","","3600"
"LKQ","1802125807","TRIM","1829384","26937087","1","765","CTL","Cut to Length Line","C009839","1260","","","1802125807:32495249:BEIJING JIAN","L012940*28134648","LYSAGHT STANDARD FLASHING 3MM GALVANIZED G345Z275--100","JG01","350","","2","1","10000","","100"
"LKQ","1802125807","TRIM","1829384","26937088","2","765","CTL","Cut to Length Line","C012143","1260","","","1802125807:32495250:BEIJING JIAN","L013682*28134649","LYSAGHT STANDARD FLASHING 1.5MM GALVANIZED G300Z275--3600","JG02","200","","1","1","5000","","3600"
